[
    {
      "name":"MINGO's",
      "address":"Birds Park, near third block",
      "delivery_charge": 5,
      "image":"https://10619-2.s.cdn12.com/rests/small/w550/h367/108_508774471.jpg",

      "hours":{
        "Sunday":"11:00 AM - 7:00 PM",
        "Monday":"10:00 AM - 9:00 PM",
        "Tuesday":"10:00 AM - 10:00 PM",
        "Wednesday":"10:00 AM - 11:00 PM",
        "Thursday":"10:00 AM - 10:00 PM",
        "Friday":"10:00 AM - 11:00 PM",
        "Saturday":"10:00 AM - 2:00 PM"
      },
      "menus": [
        {
          "name": "Spaghetti",
          "price": 60,
          "url": "https://food.fnr.sndimg.com/content/dam/images/food/fullset/2014/7/17/1/FN_Simple-Spaghetti-with-Tomato-Sauce_s4x3.jpg.rend.hgtvcom.826.620.suffix/1408069256188.jpeg"
        },
        {
          "name": "Spaghettios Pizza",
          "price": 80,
          "url": "https://lh3.googleusercontent.com/p/AF1QipN-WboPX7pEgnNqg78wranzezsGMdPfwCoxQjdJ=s1280-p-no-v1"
        },
        {
          "name": "Chocolate Pizza",
          "price": 50,
          "url": "https://149366112.v2.pressablecdn.com/wp-content/uploads/2017/08/blah.jpg"
        },
        {
          "name": "Cheese Sticks",
          "price": 60,
          "url": "https://www.spendwithpennies.com/wp-content/uploads/2013/10/Cheese-Sticks-SpendWithPennies-2-21-500x500.jpg"
        },
        {
          "name": "CHICKEN FINGER SANDWICH",
          "price": 80,
          "url": "https://api.thelevelup.com/v15/order_ahead/menu_image_stores/70461/image?density=3&height=300&width=420"
        },
        {
          "name": "FINGERZ BOXED LUNCH",
          "price": 100,
          "url": "https://api.thelevelup.com/v15/order_ahead/menu_image_stores/70463/image?density=3&height=300&width=420"
        },
        {
          "name": "HOUSE ZALAD BOXED",
          "price": 120,
          "url": "https://api.thelevelup.com/v15/order_ahead/menu_image_stores/70465/image?density=3&height=300&width=420"
        },
        {
          "name": "COBB ZALAD BOXED",
          "price": 120,
          "url": "https://api.thelevelup.com/v15/order_ahead/menu_image_stores/70468/image?density=3&height=300&width=420"
        },
        {
          "name": "COOKIE AND BROWNIE ",
          "price": 90,
          "url": "https://api.thelevelup.com/v15/order_ahead/menu_image_stores/70543/image?density=3&height=300&width=420"
        },
        {
          "name": "BROWNIE PLATTER",
          "price": 150,
          "url": "https://api.thelevelup.com/v15/order_ahead/menu_image_stores/70540/image?density=3&height=300&width=420"
        }
      ]
    },
    {
      "name":"Christ Bakery",
      "address":"Gourme,-1 floor,Central block",
      "delivery_charge": 4,
      "image":"https://ncr.christuniversity.in/uploads/userfiles/canteen%20(1).jpg",

      "hours":{
        "Sunday":"11:00 AM - 7:00 PM",
        "Monday":"10:00 AM - 10:00 PM",
        "Tuesday":"10:00 AM - 10:00 PM",
        "Wednesday":"10:00 AM - 8:00 PM",
        "Thursday":"10:00 AM - 10:00 PM",
        "Friday":"10:00 AM - 10:00 PM",
        "Saturday":"9:00 AM - 1:00 PM"
      },
      "menus": [
        {
          "name": "Hot Dog",
          "price": 2.99,
          "url": "https://awrestaurants.com/sites/default/files/hotdog_0.png"
        },
        {
          "name": "Cheese Dog",
          "price": 3.59,
          "url": "https://www.cookingpanda.com/wp-content/uploads/2020/07/7R26235-16x9-1-scaled.jpg"
        },
        {
          "name": "Midway Monster",
          "price": 5.44,
          "url": "https://encrypted-tbn0.gstatic.com/images?q=tbn:ANd9GcRF2KzBUdwZjGoJIWIqHGHDozwcr3_oGrkhYQ&usqp=CAU"
        },
        {
          "name": "Fries",
          "price": 2.00,
          "url": "https://images.fineartamerica.com/images-medium-large-5/crinkle-cut-french-fries-full-frame-foodcollection.jpg"
        },
        {
          "name": "Milkshake",
          "price": 3.49,
          "url": "https://files.heftycdn.com/wp-content/uploads/2020/06/7c19980b4ec07e741b2823ea45370467.png"
        },
        {
          "name": "Chocolate Shake",
          "price": 4.95,
          "url": "https://www.mcdonalds.com/is/image/content/dam/usa/nfl/nutrition/items/hero/desktop/t-mcdonalds-Chocolate-McCafe-Shake-Medium.jpg?$Product_Desktop$"
        },
        {
          "name": "Strawberry Shake",
          "price": 3.59,
          "url": "https://www.mcdonalds.com/is/image/content/dam/usa/nfl/nutrition/items/hero/desktop/t-mcdonalds-Strawberry-McCafe-Shake-Medium.jpg?$Product_Desktop$"
        },
        {
          "name": "Filet-O-Fish",
          "price": 5.49,
          "url": "https://www.mcdonalds.com/is/image/content/dam/usa/nfl/nutrition/items/hero/desktop/t-mcdonalds-Filet-O-Fish.png?$Product_Desktop$"
        },
        {
          "name": "McNuggets",
          "price": 3.99,
          "url": "https://www.mcdonalds.com/is/image/content/dam/usa/nfl/nutrition/items/hero/desktop/t-mcdonalds-Chicken-McNuggets-4pc.jpg?$Product_Desktop$"
        },
        {
          "name": "Combo Meal",
          "price": 8.29,
          "url": "https://www.mcdonalds.com/is/image/content/dam/usa/nfl/assets/meal/desktop/h-mcdonalds-Big-Mac-Extra-Value-Meals.jpg?$Product_Desktop$"
        },
        {
          "name": "McMuffin Meal",
          "price": 6.99,
          "url": "https://www.mcdonalds.com/is/image/content/dam/usa/nfl/assets/meal/desktop/h-mcdonalds-Egg-McMuffin-Extra-Value-Meals.jpg?$Product_Desktop$"
        }
      ]
    },
  {
    "name":"Indian Coffee House",
    "address":"Audi block, near front gate",
    "delivery_charge": 5,
    "image":"https://christuniversity.in/uploads/studentlife/medium/cafe_20200924043734..png",
    "hours":{
      "Sunday":"11:00 AM - 7:00 PM",
      "Monday":"10:00 AM - 10:00 PM",
      "Tuesday":"10:00 AM - 10:00 PM",
      "Wednesday":"10:00 AM - 8:00 PM",
      "Thursday":"10:00 AM - 10:00 PM",
      "Friday":"10:00 AM - 10:00 PM",
      "Saturday":"9:00 AM - 2:00 PM"
    },
    "menus": [
      {
        "name": "Chocolate Shake",
        "price": 4.95,
        "url": "https://www.mcdonalds.com/is/image/content/dam/usa/nfl/nutrition/items/hero/desktop/t-mcdonalds-Chocolate-McCafe-Shake-Medium.jpg?$Product_Desktop$"
      },
      {
        "name": "Strawberry Shake",
        "price": 3.59,
        "url": "https://www.mcdonalds.com/is/image/content/dam/usa/nfl/nutrition/items/hero/desktop/t-mcdonalds-Strawberry-McCafe-Shake-Medium.jpg?$Product_Desktop$"
      },
      {
        "name": "Filet-O-Fish",
        "price": 5.49,
        "url": "https://www.mcdonalds.com/is/image/content/dam/usa/nfl/nutrition/items/hero/desktop/t-mcdonalds-Filet-O-Fish.png?$Product_Desktop$"
      },
      {
        "name": "McNuggets",
        "price": 3.99,
        "url": "https://www.mcdonalds.com/is/image/content/dam/usa/nfl/nutrition/items/hero/desktop/t-mcdonalds-Chicken-McNuggets-4pc.jpg?$Product_Desktop$"
      },
      {
        "name": "Combo Meal",
        "price": 8.29,
        "url": "https://www.mcdonalds.com/is/image/content/dam/usa/nfl/assets/meal/desktop/h-mcdonalds-Big-Mac-Extra-Value-Meals.jpg?$Product_Desktop$"
      },
      {
        "name": "McMuffin Meal",
        "price": 6.99,
        "url": "https://www.mcdonalds.com/is/image/content/dam/usa/nfl/assets/meal/desktop/h-mcdonalds-Egg-McMuffin-Extra-Value-Meals.jpg?$Product_Desktop$"
      }
    ]
  },
  {
    "name":"Nandini",
    "address":"2nd basketball ball court, near central block",
    "delivery_charge": 6,
    "image":"https://lh3.googleusercontent.com/p/AF1QipP4Q2OC7KmHMZu4jPMDl2x4mw8Zz9R8edjIlfo=s1360-w1360-h1020",
    "hours":{
      "Sunday":"11:00 AM - 7:00 PM",
      "Monday":"10:00 AM - 10:00 PM",
      "Tuesday":"10:00 AM - 10:00 PM",
      "Wednesday":"10:00 AM - 8:00 PM",
      "Thursday":"10:00 AM - 10:00 PM",
      "Friday":"10:00 AM - 10:00 PM",
      "Saturday":"10:00 AM - 3:00 PM"
    },
    "menus": [
      {
        "name": "CHICKEN FINGER SANDWICH",
        "price": 4.00,
        "url": "https://api.thelevelup.com/v15/order_ahead/menu_image_stores/70461/image?density=3&height=300&width=420"
      },
      {
        "name": "FINGERZ BOXED LUNCH",
        "price": 3.25,
        "url": "https://api.thelevelup.com/v15/order_ahead/menu_image_stores/70463/image?density=3&height=300&width=420"
      },
      {
        "name": "HOUSE ZALAD BOXED",
        "price": 5.49,
        "url": "https://api.thelevelup.com/v15/order_ahead/menu_image_stores/70465/image?density=3&height=300&width=420"
      },
      {
        "name": "COBB ZALAD BOXED",
        "price": 3.99,
        "url": "https://api.thelevelup.com/v15/order_ahead/menu_image_stores/70468/image?density=3&height=300&width=420"
      },
      {
        "name": "COOKIE AND BROWNIE ",
        "price": 8.09,
        "url": "https://api.thelevelup.com/v15/order_ahead/menu_image_stores/70543/image?density=3&height=300&width=420"
      },
      {
        "name": "BROWNIE PLATTER",
        "price": 6.49,
        "url": "https://api.thelevelup.com/v15/order_ahead/menu_image_stores/70540/image?density=3&height=300&width=420"
      }
    ]
  }
]